{
  "accuracy": 0.4451,
  "precision": 0.45309679559641336,
  "recall": 0.4451,
  "f1_score": 0.4417420352927973,
  "num_samples": 10000
}