{
  "accuracy": 0.879172648573369,
  "precision": 0.8655871172154886,
  "recall": 0.879172648573369,
  "f1_score": 0.8633506995356812,
  "num_samples": 116323
}