{
  "accuracy": 0.9532882606023356,
  "precision": 0.9533878566549165,
  "recall": 0.9532882606023356,
  "f1_score": 0.9532952644648812,
  "num_samples": 26032
}