{
  "accuracy": 0.9311,
  "precision": 0.9309120444438366,
  "recall": 0.9311,
  "f1_score": 0.9309226576672396,
  "num_samples": 10000
}