{
  "accuracy": 0.8491,
  "precision": 0.8484675937240006,
  "recall": 0.8491,
  "f1_score": 0.8473670502618478,
  "num_samples": 10000
}